{"count":1,"self":2696.6024192,"total":3085.912407,"children":{"InitializeActuators":{"count":5,"self":0.00068899999999999994,"total":0.00068899999999999994,"children":null},"InitializeSensors":{"count":5,"self":0.00043799999999999997,"total":0.00043799999999999997,"children":null},"AgentSendState":{"count":3234488,"self":1.544879,"total":3.732989,"children":{"CollectObservations":{"count":323452,"self":0.17701,"total":0.17701,"children":null},"WriteActionMask":{"count":323452,"self":0.096000999999999989,"total":0.096000999999999989,"children":null},"RequestDecision":{"count":323452,"self":0.55622399999999994,"total":1.9150989999999999,"children":{"AgentInfo.ToProto":{"count":322059,"self":0.49251999999999996,"total":1.3588749999999998,"children":{"GenerateSensorData":{"count":322059,"self":0.866355,"total":0.866355,"children":null}}}}}}},"DecideAction":{"count":3234488,"self":383.543296,"total":383.54330799999997,"children":null},"AgentAct":{"count":3234488,"self":2.023996,"total":2.023996,"children":null},"AgentInfo.ToProto":{"count":2727,"self":0.003671,"total":0.008542,"children":{"GenerateSensorData":{"count":2727,"self":0.0048709999999999995,"total":0.0048709999999999995,"children":null}}}},"gauges":{"BreakoutAgent.CumulativeReward":{"count":2749,"max":133.680252,"min":-0.936000049,"runningAverage":0.12365853,"value":93.4917,"weightedAverage":60.07367}},"metadata":{"timer_format_version":"0.1.0","start_time_seconds":"1784333179","unity_version":"6000.5.3f1","command_line_arguments":"\/Applications\/Unity\/Hub\/Editor\/6000.5.3f1\/Unity.app\/Contents\/MacOS\/Unity -projectpath \/Users\/anilv\/Code\/OSU\/CS467\/CS467_ML_Breakout -acceptSoftwareTermsForThisRunOnly -useHub -hubIPC -cloudEnvironment production","communication_protocol_version":"1.5.0","com.unity.ml-agents_version":"4.0.0","scene_name":"Game","end_time_seconds":"1784336265"}}