{"count":1,"self":4998.9627904,"total":5388.4892979999995,"children":{"InitializeActuators":{"count":7,"self":0.000704,"total":0.000704,"children":null},"InitializeSensors":{"count":7,"self":0.00044699999999999997,"total":0.00044699999999999997,"children":null},"AgentSendState":{"count":3246248,"self":1.579404,"total":3.773529,"children":{"CollectObservations":{"count":324629,"self":0.17931,"total":0.17931,"children":null},"WriteActionMask":{"count":324629,"self":0.097221999999999989,"total":0.097221999999999989,"children":null},"RequestDecision":{"count":324629,"self":0.55871799999999994,"total":1.9175929999999999,"children":{"AgentInfo.ToProto":{"count":322059,"self":0.49251999999999996,"total":1.3588749999999998,"children":{"GenerateSensorData":{"count":322059,"self":0.866355,"total":0.866355,"children":null}}}}}}},"DecideAction":{"count":3246248,"self":383.68906239999995,"total":383.689051,"children":null},"AgentAct":{"count":3246248,"self":2.0542089999999997,"total":2.0542089999999997,"children":null},"AgentInfo.ToProto":{"count":2727,"self":0.003671,"total":0.008542,"children":{"GenerateSensorData":{"count":2727,"self":0.0048709999999999995,"total":0.0048709999999999995,"children":null}}}},"gauges":{"BreakoutAgent.CumulativeReward":{"count":2749,"max":133.680252,"min":-0.936000049,"runningAverage":0.12365853,"value":93.4917,"weightedAverage":60.07367}},"metadata":{"timer_format_version":"0.1.0","start_time_seconds":"1784333179","unity_version":"6000.5.3f1","command_line_arguments":"\/Applications\/Unity\/Hub\/Editor\/6000.5.3f1\/Unity.app\/Contents\/MacOS\/Unity -projectpath \/Users\/anilv\/Code\/OSU\/CS467\/CS467_ML_Breakout -acceptSoftwareTermsForThisRunOnly -useHub -hubIPC -cloudEnvironment production","communication_protocol_version":"1.5.0","com.unity.ml-agents_version":"4.0.0","scene_name":"Game_Training","end_time_seconds":"1784338568"}}